Transponder,Date,"Start time",Lap,"Total time",Laptime,"H1 (back straight)","H2 (home straight)",Speed,Diff
,,,,,,,,,
RZ-41573,29-12-2025,18:33:20,1,0:00:25.936,0:00:25.936,0:00:12.176,0:00:13.760,"34.701 km/h",
RZ-41573,29-12-2025,18:33:46,2,0:00:52.515,0:00:26.579,0:00:13.595,0:00:12.984,"33.861 km/h",0:00:00.643
RZ-41573,29-12-2025,18:34:12,3,0:01:15.665,0:00:23.150,0:00:12.278,0:00:10.872,"38.877 km/h",-0:00:03.429
RZ-41573,29-12-2025,18:34:35,4,0:01:36.773,0:00:21.108,0:00:10.618,0:00:10.490,"42.638 km/h",-0:00:02.042
RZ-41573,29-12-2025,18:34:57,5,0:01:58.109,0:00:21.336,0:00:10.514,0:00:10.822,"42.182 km/h",0:00:00.228
RZ-41573,29-12-2025,18:35:18,6,0:02:21.018,0:00:22.909,0:00:11.264,0:00:11.645,"39.286 km/h",0:00:01.573
RZ-41573,29-12-2025,18:35:41,7,0:02:43.571,0:00:22.553,0:00:11.480,0:00:11.073,"39.906 km/h",-0:00:00.356
RZ-41573,29-12-2025,18:36:03,8,0:03:05.751,0:00:22.180,0:00:11.184,0:00:10.996,"40.577 km/h",-0:00:00.373
RZ-41573,29-12-2025,18:36:26,9,0:03:27.689,0:00:21.938,0:00:10.774,0:00:11.164,"41.025 km/h",-0:00:00.242
RZ-41573,29-12-2025,18:36:48,10,0:03:50.415,0:00:22.726,0:00:11.397,0:00:11.329,"39.602 km/h",0:00:00.788
RZ-41573,29-12-2025,18:37:10,11,0:04:12.983,0:00:22.568,0:00:11.249,0:00:11.319,"39.879 km/h",-0:00:00.158
RZ-41573,29-12-2025,18:37:33,12,0:04:35.474,0:00:22.491,0:00:11.292,0:00:11.199,"40.016 km/h",-0:00:00.077
RZ-41573,29-12-2025,18:37:55,13,0:04:58.347,0:00:22.873,0:00:11.491,0:00:11.382,"39.348 km/h",0:00:00.382
RZ-41573,29-12-2025,18:38:18,14,0:05:22.196,0:00:23.849,0:00:11.755,0:00:12.094,"37.737 km/h",0:00:00.976
RZ-41573,29-12-2025,18:38:42,15,0:05:45.877,0:00:23.681,0:00:11.833,0:00:11.848,"38.005 km/h",-0:00:00.168
RZ-41573,29-12-2025,18:39:06,16,0:06:09.539,0:00:23.662,0:00:11.774,0:00:11.888,"38.036 km/h",-0:00:00.019
RZ-41573,29-12-2025,18:39:29,17,0:06:32.554,0:00:23.015,0:00:11.586,0:00:11.429,"39.105 km/h",-0:00:00.647
RZ-41573,29-12-2025,18:39:52,18,0:06:54.112,0:00:21.558,0:00:10.868,0:00:10.690,"41.748 km/h",-0:00:01.457
RZ-41573,29-12-2025,18:40:14,19,0:07:14.621,0:00:20.509,0:00:10.247,0:00:10.262,"43.883 km/h",-0:00:01.049
RZ-41573,29-12-2025,18:40:34,20,0:07:35.944,0:00:21.323,0:00:10.535,0:00:10.788,"42.208 km/h",0:00:00.814
RZ-41573,29-12-2025,18:40:56,21,0:07:57.729,0:00:21.785,0:00:10.936,0:00:10.849,"41.313 km/h",0:00:00.462
RZ-41573,29-12-2025,18:41:18,22,0:08:19.363,0:00:21.634,0:00:10.737,0:00:10.897,"41.601 km/h",-0:00:00.151
RZ-41573,29-12-2025,18:41:39,23,0:08:41.483,0:00:22.120,0:00:11.038,0:00:11.082,"40.687 km/h",0:00:00.486
RZ-41573,29-12-2025,18:42:01,24,0:09:03.753,0:00:22.270,0:00:11.048,0:00:11.222,"40.413 km/h",0:00:00.150
RZ-41573,29-12-2025,18:42:24,25,0:09:25.516,0:00:21.763,0:00:10.912,0:00:10.851,"41.355 km/h",-0:00:00.507
RZ-41573,29-12-2025,18:42:45,26,0:09:47.205,0:00:21.689,0:00:10.856,0:00:10.833,"41.496 km/h",-0:00:00.074
RZ-41573,29-12-2025,18:43:07,27,0:10:08.747,0:00:21.542,0:00:10.742,0:00:10.800,"41.779 km/h",-0:00:00.147
RZ-41573,29-12-2025,18:43:29,28,0:10:30.217,0:00:21.470,0:00:10.764,0:00:10.706,"41.919 km/h",-0:00:00.072
RZ-41573,29-12-2025,18:43:50,29,0:10:50.967,0:00:20.750,0:00:10.407,0:00:10.343,"43.373 km/h",-0:00:00.720
RZ-41573,29-12-2025,18:44:11,30,0:11:11.845,0:00:20.878,0:00:10.354,0:00:10.524,"43.108 km/h",0:00:00.128
RZ-41573,29-12-2025,18:44:32,31,0:11:32.903,0:00:21.058,0:00:10.621,0:00:10.437,"42.739 km/h",0:00:00.180
RZ-41573,29-12-2025,18:44:53,32,0:11:54.274,0:00:21.371,0:00:10.488,0:00:10.883,"42.113 km/h",0:00:00.313
RZ-41573,29-12-2025,18:45:14,33,0:12:15.930,0:00:21.656,0:00:10.943,0:00:10.713,"41.559 km/h",0:00:00.285
RZ-41573,29-12-2025,18:45:36,34,0:12:37.084,0:00:21.154,0:00:10.349,0:00:10.805,"42.545 km/h",-0:00:00.502
RZ-41573,29-12-2025,18:45:57,35,0:12:58.554,0:00:21.470,0:00:10.741,0:00:10.729,"41.919 km/h",0:00:00.316
RZ-41573,29-12-2025,18:46:18,36,0:13:19.925,0:00:21.371,0:00:10.664,0:00:10.707,"42.113 km/h",-0:00:00.099
RZ-41573,29-12-2025,18:46:40,37,0:13:41.330,0:00:21.405,0:00:10.686,0:00:10.719,"42.046 km/h",0:00:00.034
RZ-41573,29-12-2025,18:47:01,38,0:14:02.696,0:00:21.366,0:00:10.796,0:00:10.570,"42.123 km/h",-0:00:00.039
RZ-41573,29-12-2025,18:47:23,39,0:14:24.082,0:00:21.386,0:00:10.690,0:00:10.696,"42.084 km/h",0:00:00.020
RZ-41573,29-12-2025,18:47:44,40,0:14:45.581,0:00:21.499,0:00:10.705,0:00:10.794,"41.862 km/h",0:00:00.113
RZ-41573,29-12-2025,18:48:05,41,0:15:06.945,0:00:21.364,0:00:10.698,0:00:10.666,"42.127 km/h",-0:00:00.135
RZ-41573,29-12-2025,18:48:27,42,0:15:28.169,0:00:21.224,0:00:10.661,0:00:10.563,"42.405 km/h",-0:00:00.140
RZ-41573,29-12-2025,18:48:48,43,0:15:49.453,0:00:21.284,0:00:10.697,0:00:10.587,"42.285 km/h",0:00:00.060
RZ-41573,29-12-2025,18:49:09,44,0:16:10.017,0:00:20.564,0:00:10.183,0:00:10.381,"43.766 km/h",-0:00:00.720
RZ-41573,29-12-2025,18:49:30,45,0:16:30.970,0:00:20.953,0:00:10.410,0:00:10.543,"42.953 km/h",0:00:00.389
RZ-41573,29-12-2025,18:49:51,46,0:16:51.859,0:00:20.889,0:00:10.466,0:00:10.423,"43.085 km/h",-0:00:00.064
RZ-41573,29-12-2025,18:50:12,47,0:17:12.410,0:00:20.551,0:00:10.294,0:00:10.257,"43.793 km/h",-0:00:00.338
RZ-41573,29-12-2025,18:50:32,48,0:17:33.124,0:00:20.714,0:00:10.372,0:00:10.342,"43.449 km/h",0:00:00.163
RZ-41573,29-12-2025,18:50:53,49,0:17:53.812,0:00:20.688,0:00:10.353,0:00:10.335,"43.503 km/h",-0:00:00.026
RZ-41573,29-12-2025,18:51:14,50,0:18:14.059,0:00:20.247,0:00:10.168,0:00:10.079,"44.451 km/h",-0:00:00.441
RZ-41573,29-12-2025,18:51:34,51,0:18:34.398,0:00:20.339,0:00:10.171,0:00:10.168,"44.250 km/h",0:00:00.092
RZ-41573,29-12-2025,18:51:54,52,0:18:54.539,0:00:20.141,0:00:10.047,0:00:10.094,"44.685 km/h",-0:00:00.198
RZ-41573,29-12-2025,18:52:14,53,0:19:16.509,0:00:21.970,0:00:10.704,0:00:11.266,"40.965 km/h",0:00:01.829
RZ-41573,29-12-2025,18:52:36,54,0:19:39.718,0:00:23.209,0:00:11.746,0:00:11.463,"38.778 km/h",0:00:01.239
RZ-41573,29-12-2025,18:53:00,55,0:20:02.745,0:00:23.027,0:00:11.420,0:00:11.607,"39.085 km/h",-0:00:00.182
RZ-41573,29-12-2025,18:53:23,56,0:20:26.265,0:00:23.520,0:00:11.568,0:00:11.952,"38.265 km/h",0:00:00.493
RZ-41573,29-12-2025,18:53:46,57,0:20:49.655,0:00:23.390,0:00:11.898,0:00:11.492,"38.478 km/h",-0:00:00.130
RZ-41573,29-12-2025,18:54:09,58,0:21:12.688,0:00:23.033,0:00:11.542,0:00:11.491,"39.074 km/h",-0:00:00.357
RZ-41573,29-12-2025,18:54:33,59,0:21:34.672,0:00:21.984,0:00:10.955,0:00:11.029,"40.939 km/h",-0:00:01.049
RZ-41573,29-12-2025,18:54:54,60,0:21:57.149,0:00:22.477,0:00:11.138,0:00:11.339,"40.041 km/h",0:00:00.493
RZ-41573,29-12-2025,18:55:17,61,0:22:19.191,0:00:22.042,0:00:11.102,0:00:10.940,"40.831 km/h",-0:00:00.435
RZ-41573,29-12-2025,18:55:39,62,0:22:39.607,0:00:20.416,0:00:10.132,0:00:10.284,"44.083 km/h",-0:00:01.626
RZ-41573,29-12-2025,18:55:59,63,0:23:00.674,0:00:21.067,0:00:10.385,0:00:10.682,"42.721 km/h",0:00:00.651
RZ-41573,29-12-2025,18:56:20,64,0:23:21.445,0:00:20.771,0:00:10.332,0:00:10.439,"43.330 km/h",-0:00:00.296
RZ-41573,29-12-2025,18:56:41,65,0:23:42.309,0:00:20.864,0:00:10.443,0:00:10.421,"43.137 km/h",0:00:00.093
RZ-41573,29-12-2025,18:57:02,66,0:24:03.359,0:00:21.050,0:00:10.622,0:00:10.428,"42.755 km/h",0:00:00.186
RZ-41573,29-12-2025,18:57:23,67,0:24:24.252,0:00:20.893,0:00:10.470,0:00:10.423,"43.077 km/h",-0:00:00.157
RZ-41573,29-12-2025,18:57:44,68,0:24:45.972,0:00:21.720,0:00:10.688,0:00:11.032,"41.436 km/h",0:00:00.827
RZ-41573,29-12-2025,18:58:06,69,0:25:07.801,0:00:21.829,0:00:10.752,0:00:11.077,"41.230 km/h",0:00:00.109
RZ-41573,29-12-2025,18:58:28,70,0:25:29.903,0:00:22.102,0:00:10.956,0:00:11.146,"40.720 km/h",0:00:00.273
RZ-41573,29-12-2025,18:58:50,71,0:25:52.401,0:00:22.498,0:00:11.365,0:00:11.133,"40.004 km/h",0:00:00.396
RZ-41573,29-12-2025,18:59:12,72,0:26:15.438,0:00:23.037,0:00:11.698,0:00:11.339,"39.068 km/h",0:00:00.539
RZ-41573,29-12-2025,18:59:35,73,0:26:38.629,0:00:23.191,0:00:11.471,0:00:11.720,"38.808 km/h",0:00:00.154
RZ-41573,29-12-2025,18:59:58,74,0:27:02.136,0:00:23.507,0:00:11.732,0:00:11.775,"38.286 km/h",0:00:00.316
RZ-41573,29-12-2025,19:00:22,75,0:27:25.822,0:00:23.686,0:00:11.851,0:00:11.835,"37.997 km/h",0:00:00.179
RZ-41573,29-12-2025,19:00:46,76,0:27:49.365,0:00:23.543,0:00:11.867,0:00:11.676,"38.228 km/h",-0:00:00.143
RZ-41573,29-12-2025,19:01:09,77,0:28:12.850,0:00:23.485,0:00:11.753,0:00:11.732,"38.322 km/h",-0:00:00.058
RZ-41573,29-12-2025,19:01:33,78,0:28:34.184,0:00:21.334,0:00:10.881,0:00:10.453,"42.186 km/h",-0:00:02.151
RZ-41573,29-12-2025,19:01:54,79,0:28:55.634,0:00:21.450,0:00:10.863,0:00:10.587,"41.958 km/h",0:00:00.116
RZ-41573,29-12-2025,19:02:15,80,0:29:17.216,0:00:21.582,0:00:10.744,0:00:10.838,"41.701 km/h",0:00:00.132
RZ-41573,29-12-2025,19:02:37,81,0:29:38.365,0:00:21.149,0:00:10.627,0:00:10.522,"42.555 km/h",-0:00:00.433
RZ-41573,29-12-2025,19:02:58,82,0:29:59.196,0:00:20.831,0:00:10.210,0:00:10.621,"43.205 km/h",-0:00:00.318
RZ-41573,29-12-2025,19:03:19,83,0:30:20.287,0:00:21.091,0:00:10.605,0:00:10.486,"42.672 km/h",0:00:00.260
RZ-41573,29-12-2025,19:03:40,84,0:30:41.758,0:00:21.471,0:00:10.488,0:00:10.983,"41.917 km/h",0:00:00.380
RZ-41573,29-12-2025,19:04:02,85,0:31:02.461,0:00:20.703,0:00:10.561,0:00:10.142,"43.472 km/h",-0:00:00.768
RZ-41573,29-12-2025,19:04:22,86,0:31:22.959,0:00:20.498,0:00:10.154,0:00:10.344,"43.907 km/h",-0:00:00.205
RZ-41573,29-12-2025,19:04:43,87,0:31:44.070,0:00:21.111,0:00:10.672,0:00:10.439,"42.632 km/h",0:00:00.613
RZ-41573,29-12-2025,19:05:04,88,0:32:04.708,0:00:20.638,0:00:10.574,0:00:10.064,"43.609 km/h",-0:00:00.473
RZ-41573,29-12-2025,19:05:25,89,0:32:26.784,0:00:22.076,0:00:10.902,0:00:11.174,"40.768 km/h",0:00:01.438
RZ-41573,29-12-2025,19:05:47,90,0:32:49.302,0:00:22.518,0:00:11.242,0:00:11.276,"39.968 km/h",0:00:00.442
RZ-41573,29-12-2025,19:06:09,91,0:33:12.972,0:00:23.670,0:00:11.745,0:00:11.925,"38.023 km/h",0:00:01.152
RZ-41573,29-12-2025,19:06:33,92,0:33:36.531,0:00:23.559,0:00:11.824,0:00:11.735,"38.202 km/h",-0:00:00.111
RZ-41573,29-12-2025,19:06:56,93,0:33:59.689,0:00:23.158,0:00:11.785,0:00:11.373,"38.863 km/h",-0:00:00.401
RZ-41573,29-12-2025,19:07:20,94,0:34:22.804,0:00:23.115,0:00:11.513,0:00:11.602,"38.936 km/h",-0:00:00.043
RZ-41573,29-12-2025,19:07:43,95,0:34:46.788,0:00:23.984,0:00:12.384,0:00:11.600,"37.525 km/h",0:00:00.869
RZ-41573,29-12-2025,19:08:07,96,0:35:08.802,0:00:22.014,0:00:11.040,0:00:10.974,"40.883 km/h",-0:00:01.970
RZ-41573,29-12-2025,19:08:29,97,0:35:30.434,0:00:21.632,0:00:10.717,0:00:10.915,"41.605 km/h",-0:00:00.382
RZ-41573,29-12-2025,19:08:50,98,0:35:52.437,0:00:22.003,0:00:11.029,0:00:10.974,"40.904 km/h",0:00:00.371
RZ-41573,29-12-2025,19:09:12,99,0:36:14.475,0:00:22.038,0:00:10.932,0:00:11.106,"40.839 km/h",0:00:00.035
RZ-41573,29-12-2025,19:09:34,100,0:36:36.254,0:00:21.779,0:00:10.938,0:00:10.841,"41.324 km/h",-0:00:00.259
RZ-41573,29-12-2025,19:09:56,101,0:36:58.065,0:00:21.811,0:00:10.837,0:00:10.974,"41.264 km/h",0:00:00.032
RZ-41573,29-12-2025,19:10:18,102,0:37:20.723,0:00:22.658,0:00:11.210,0:00:11.448,"39.721 km/h",0:00:00.847
RZ-41573,29-12-2025,19:10:41,103,0:37:46.521,0:00:25.798,0:00:12.765,0:00:13.033,"34.886 km/h",0:00:03.140
RZ-41573,29-12-2025,19:11:06,104,0:38:09.825,0:00:23.304,0:00:11.778,0:00:11.526,"38.620 km/h",-0:00:02.494
RZ-41573,29-12-2025,19:11:30,105,0:38:33.378,0:00:23.553,0:00:11.748,0:00:11.805,"38.212 km/h",0:00:00.249
RZ-41573,29-12-2025,19:11:53,106,0:38:58.306,0:00:24.928,0:00:11.982,0:00:12.946,"36.104 km/h",0:00:01.375
,,,,,,,,,
RZ-41573,29-12-2025,19:21:50,1,0:00:26.248,0:00:26.248,0:00:14.107,0:00:12.141,"34.288 km/h",
RZ-41573,29-12-2025,19:22:16,2,0:00:49.256,0:00:23.008,0:00:11.459,0:00:11.549,"39.117 km/h",-0:00:03.240
RZ-41573,29-12-2025,19:22:39,3,0:01:12.086,0:00:22.830,0:00:11.361,0:00:11.469,"39.422 km/h",-0:00:00.178
RZ-41573,29-12-2025,19:23:02,4,0:01:35.350,0:00:23.264,0:00:11.602,0:00:11.662,"38.686 km/h",0:00:00.434
RZ-41573,29-12-2025,19:23:25,5,0:01:58.798,0:00:23.448,0:00:11.714,0:00:11.734,"38.383 km/h",0:00:00.184
RZ-41573,29-12-2025,19:23:49,6,0:02:19.975,0:00:21.177,0:00:10.969,0:00:10.208,"42.499 km/h",-0:00:02.271
RZ-41573,29-12-2025,19:24:10,7,0:02:40.530,0:00:20.555,0:00:10.216,0:00:10.339,"43.785 km/h",-0:00:00.622
RZ-41573,29-12-2025,19:24:30,8,0:03:01.278,0:00:20.748,0:00:10.393,0:00:10.355,"43.378 km/h",0:00:00.193
RZ-41573,29-12-2025,19:24:51,9,0:03:22.104,0:00:20.826,0:00:10.420,0:00:10.406,"43.215 km/h",0:00:00.078
RZ-41573,29-12-2025,19:25:12,10,0:03:42.737,0:00:20.633,0:00:10.303,0:00:10.330,"43.619 km/h",-0:00:00.193
RZ-41573,29-12-2025,19:25:32,11,0:04:03.176,0:00:20.439,0:00:10.183,0:00:10.256,"44.033 km/h",-0:00:00.194
RZ-41573,29-12-2025,19:25:53,12,0:04:23.687,0:00:20.511,0:00:10.286,0:00:10.225,"43.879 km/h",0:00:00.072
RZ-41573,29-12-2025,19:26:13,13,0:04:44.218,0:00:20.531,0:00:10.106,0:00:10.425,"43.836 km/h",0:00:00.020
RZ-41573,29-12-2025,19:26:34,14,0:05:06.688,0:00:22.470,0:00:10.821,0:00:11.649,"40.053 km/h",0:00:01.939
RZ-41573,29-12-2025,19:26:56,15,0:05:27.414,0:00:20.726,0:00:10.475,0:00:10.251,"43.424 km/h",-0:00:01.744
RZ-41573,29-12-2025,19:27:17,16,0:05:48.849,0:00:21.435,0:00:10.363,0:00:11.072,"41.987 km/h",0:00:00.709
RZ-41573,29-12-2025,19:27:39,17,0:06:12.389,0:00:23.540,0:00:11.564,0:00:11.976,"38.233 km/h",0:00:02.105
RZ-41573,29-12-2025,19:28:02,18,0:06:33.414,0:00:21.025,0:00:10.910,0:00:10.115,"42.806 km/h",-0:00:02.515
RZ-41573,29-12-2025,19:28:23,19,0:06:54.272,0:00:20.858,0:00:10.471,0:00:10.387,"43.149 km/h",-0:00:00.167
RZ-41573,29-12-2025,19:28:44,20,0:07:15.731,0:00:21.459,0:00:10.634,0:00:10.825,"41.940 km/h",0:00:00.601
RZ-41573,29-12-2025,19:29:05,21,0:07:37.134,0:00:21.403,0:00:10.638,0:00:10.765,"42.050 km/h",-0:00:00.056
RZ-41573,29-12-2025,19:29:27,22,0:07:59.041,0:00:21.907,0:00:10.798,0:00:11.109,"41.083 km/h",0:00:00.504
RZ-41573,29-12-2025,19:29:49,23,0:08:22.790,0:00:23.749,0:00:12.357,0:00:11.392,"37.896 km/h",0:00:01.842
RZ-41573,29-12-2025,19:30:13,24,0:08:44.459,0:00:21.669,0:00:11.103,0:00:10.566,"41.534 km/h",-0:00:02.080
RZ-41573,29-12-2025,19:30:34,25,0:09:05.147,0:00:20.688,0:00:10.154,0:00:10.534,"43.503 km/h",-0:00:00.981
RZ-41573,29-12-2025,19:30:55,26,0:09:27.546,0:00:22.399,0:00:10.828,0:00:11.571,"40.180 km/h",0:00:01.711
RZ-41573,29-12-2025,19:31:17,27,0:09:51.701,0:00:24.155,0:00:12.134,0:00:12.021,"37.259 km/h",0:00:01.756
RZ-41573,29-12-2025,19:31:41,28,0:10:15.914,0:00:24.213,0:00:12.372,0:00:11.841,"37.170 km/h",0:00:00.058
RZ-41573,29-12-2025,19:32:06,29,0:10:39.442,0:00:23.528,0:00:11.831,0:00:11.697,"38.252 km/h",-0:00:00.685
RZ-41573,29-12-2025,19:32:29,30,0:11:02.856,0:00:23.414,0:00:11.717,0:00:11.697,"38.439 km/h",-0:00:00.114
RZ-41573,29-12-2025,19:32:53,31,0:11:25.724,0:00:22.868,0:00:11.541,0:00:11.327,"39.356 km/h",-0:00:00.546
RZ-41573,29-12-2025,19:33:15,32,0:11:49.242,0:00:23.518,0:00:11.776,0:00:11.742,"38.269 km/h",0:00:00.650
RZ-41573,29-12-2025,19:33:39,33,0:12:12.057,0:00:22.815,0:00:11.445,0:00:11.370,"39.448 km/h",-0:00:00.703
RZ-41573,29-12-2025,19:34:02,34,0:12:35.199,0:00:23.142,0:00:11.589,0:00:11.553,"38.890 km/h",0:00:00.327
RZ-41573,29-12-2025,19:34:25,35,0:12:58.522,0:00:23.323,0:00:11.576,0:00:11.747,"38.589 km/h",0:00:00.181
RZ-41573,29-12-2025,19:34:48,36,0:13:22.102,0:00:23.580,0:00:11.870,0:00:11.710,"38.168 km/h",0:00:00.257
RZ-41573,29-12-2025,19:35:12,37,0:13:45.350,0:00:23.248,0:00:11.675,0:00:11.573,"38.713 km/h",-0:00:00.332
RZ-41573,29-12-2025,19:35:35,38,0:14:08.279,0:00:22.929,0:00:11.460,0:00:11.469,"39.252 km/h",-0:00:00.319
RZ-41573,29-12-2025,19:35:58,39,0:14:31.282,0:00:23.003,0:00:11.539,0:00:11.464,"39.125 km/h",0:00:00.074
RZ-41573,29-12-2025,19:36:21,40,0:14:51.936,0:00:20.654,0:00:11.246,0:00:09.408,"43.575 km/h",-0:00:02.349
RZ-41573,29-12-2025,19:36:42,41,0:15:11.198,0:00:19.262,0:00:09.407,0:00:09.855,"46.724 km/h",-0:00:01.392
RZ-41573,29-12-2025,19:37:01,42,0:15:31.378,0:00:20.180,0:00:10.037,0:00:10.143,"44.599 km/h",0:00:00.918
RZ-41573,29-12-2025,19:37:21,43,0:15:51.453,0:00:20.075,0:00:10.101,0:00:09.974,"44.832 km/h",-0:00:00.105
RZ-41573,29-12-2025,19:37:41,44,0:16:12.172,0:00:20.719,0:00:09.831,0:00:10.888,"43.438 km/h",0:00:00.644
RZ-41573,29-12-2025,19:38:02,45,0:16:34.642,0:00:22.470,0:00:11.238,0:00:11.232,"40.053 km/h",0:00:01.751
RZ-41573,29-12-2025,19:38:24,46,0:16:56.218,0:00:21.576,0:00:10.981,0:00:10.595,"41.713 km/h",-0:00:00.894
RZ-41573,29-12-2025,19:38:46,47,0:17:17.164,0:00:20.946,0:00:10.624,0:00:10.322,"42.968 km/h",-0:00:00.630
RZ-41573,29-12-2025,19:39:07,48,0:17:38.285,0:00:21.121,0:00:10.341,0:00:10.780,"42.612 km/h",0:00:00.175
RZ-41573,29-12-2025,19:39:28,49,0:18:00.167,0:00:21.882,0:00:10.899,0:00:10.983,"41.130 km/h",0:00:00.761
RZ-41573,29-12-2025,19:39:50,50,0:18:22.019,0:00:21.852,0:00:11.056,0:00:10.796,"41.186 km/h",-0:00:00.030
RZ-41573,29-12-2025,19:40:12,51,0:18:44.312,0:00:22.293,0:00:11.329,0:00:10.964,"40.371 km/h",0:00:00.441
RZ-41573,29-12-2025,19:40:34,52,0:19:05.415,0:00:21.103,0:00:10.815,0:00:10.288,"42.648 km/h",-0:00:01.190
RZ-41573,29-12-2025,19:40:55,53,0:19:26.472,0:00:21.057,0:00:10.370,0:00:10.687,"42.741 km/h",-0:00:00.046
RZ-41573,29-12-2025,19:41:16,54,0:19:49.159,0:00:22.687,0:00:10.834,0:00:11.853,"39.670 km/h",0:00:01.630
RZ-41573,29-12-2025,19:41:39,55,0:20:12.814,0:00:23.655,0:00:11.926,0:00:11.729,"38.047 km/h",0:00:00.968
RZ-41573,29-12-2025,19:42:03,56,0:20:35.018,0:00:22.204,0:00:11.149,0:00:11.055,"40.533 km/h",-0:00:01.451
RZ-41573,29-12-2025,19:42:25,57,0:20:56.964,0:00:21.946,0:00:11.055,0:00:10.891,"41.010 km/h",-0:00:00.258
RZ-41573,29-12-2025,19:42:47,58,0:21:19.936,0:00:22.972,0:00:11.175,0:00:11.797,"39.178 km/h",0:00:01.026
RZ-41573,29-12-2025,19:43:10,59,0:21:41.820,0:00:21.884,0:00:11.052,0:00:10.832,"41.126 km/h",-0:00:01.088
RZ-41573,29-12-2025,19:43:32,60,0:22:03.964,0:00:22.144,0:00:11.058,0:00:11.086,"40.643 km/h",0:00:00.260
RZ-41573,29-12-2025,19:43:54,61,0:22:26.009,0:00:22.045,0:00:11.171,0:00:10.874,"40.826 km/h",-0:00:00.099
RZ-41573,29-12-2025,19:44:16,62,0:22:48.010,0:00:22.001,0:00:10.924,0:00:11.077,"40.907 km/h",-0:00:00.044
RZ-41573,29-12-2025,19:44:38,63,0:23:09.727,0:00:21.717,0:00:10.821,0:00:10.896,"41.442 km/h",-0:00:00.284
RZ-41573,29-12-2025,19:44:59,64,0:23:31.815,0:00:22.088,0:00:11.060,0:00:11.028,"40.746 km/h",0:00:00.371
RZ-41573,29-12-2025,19:45:22,65,0:23:54.316,0:00:22.501,0:00:11.423,0:00:11.078,"39.998 km/h",0:00:00.413
RZ-41573,29-12-2025,19:45:44,66,0:24:16.510,0:00:22.194,0:00:10.993,0:00:11.201,"40.552 km/h",-0:00:00.307
RZ-41573,29-12-2025,19:46:06,67,0:24:38.300,0:00:21.790,0:00:10.588,0:00:11.202,"41.303 km/h",-0:00:00.404
RZ-41573,29-12-2025,19:46:28,68,0:25:00.216,0:00:21.916,0:00:11.216,0:00:10.700,"41.066 km/h",0:00:00.126
RZ-41573,29-12-2025,19:46:50,69,0:25:21.574,0:00:21.358,0:00:10.732,0:00:10.626,"42.139 km/h",-0:00:00.558
RZ-41573,29-12-2025,19:47:11,70,0:25:43.443,0:00:21.869,0:00:10.927,0:00:10.942,"41.154 km/h",0:00:00.511
RZ-41573,29-12-2025,19:47:33,71,0:26:05.165,0:00:21.722,0:00:10.928,0:00:10.794,"41.433 km/h",-0:00:00.147
RZ-41573,29-12-2025,19:47:55,72,0:26:26.907,0:00:21.742,0:00:10.469,0:00:11.273,"41.395 km/h",0:00:00.020
RZ-41573,29-12-2025,19:48:17,73,0:26:47.549,0:00:20.642,0:00:10.918,0:00:09.724,"43.600 km/h",-0:00:01.100
RZ-41573,29-12-2025,19:48:37,74,0:27:09.070,0:00:21.521,0:00:10.388,0:00:11.133,"41.820 km/h",0:00:00.879
RZ-41573,29-12-2025,19:48:59,75,0:27:32.071,0:00:23.001,0:00:11.364,0:00:11.637,"39.129 km/h",0:00:01.480
RZ-41573,29-12-2025,19:49:22,76,0:27:54.984,0:00:22.913,0:00:11.657,0:00:11.256,"39.279 km/h",-0:00:00.088
RZ-41573,29-12-2025,19:49:45,77,0:28:17.320,0:00:22.336,0:00:11.220,0:00:11.116,"40.294 km/h",-0:00:00.577
RZ-41573,29-12-2025,19:50:07,78,0:28:39.499,0:00:22.179,0:00:10.845,0:00:11.334,"40.579 km/h",-0:00:00.157
RZ-41573,29-12-2025,19:50:29,79,0:29:02.749,0:00:23.250,0:00:11.805,0:00:11.445,"38.710 km/h",0:00:01.071
RZ-41573,29-12-2025,19:50:53,80,0:29:25.849,0:00:23.100,0:00:11.549,0:00:11.551,"38.961 km/h",-0:00:00.150
RZ-41573,29-12-2025,19:51:16,81,0:29:48.554,0:00:22.705,0:00:11.472,0:00:11.233,"39.639 km/h",-0:00:00.395
RZ-41573,29-12-2025,19:51:38,82,0:30:12.158,0:00:23.604,0:00:11.663,0:00:11.941,"38.129 km/h",0:00:00.899
RZ-41573,29-12-2025,19:52:02,83,0:30:36.427,0:00:24.269,0:00:12.056,0:00:12.213,"37.084 km/h",0:00:00.665
RZ-41573,29-12-2025,19:52:26,84,0:31:01.820,0:00:25.393,0:00:12.478,0:00:12.915,"35.443 km/h",0:00:01.124
RZ-41573,29-12-2025,19:52:52,85,0:31:27.440,0:00:25.620,0:00:13.053,0:00:12.567,"35.129 km/h",0:00:00.227
RZ-41573,29-12-2025,19:53:17,86,0:31:52.369,0:00:24.929,0:00:12.409,0:00:12.520,"36.103 km/h",-0:00:00.691
RZ-41573,29-12-2025,19:53:42,87,0:32:19.920,0:00:27.551,0:00:14.023,0:00:13.528,"32.667 km/h",0:00:02.622
RZ-41573,29-12-2025,19:54:10,88,0:32:43.973,0:00:24.053,0:00:12.462,0:00:11.591,"37.417 km/h",-0:00:03.498
RZ-41573,29-12-2025,19:54:34,89,0:33:03.982,0:00:20.009,0:00:10.272,0:00:09.737,"44.980 km/h",-0:00:04.044
RZ-41573,29-12-2025,19:54:54,90,0:33:24.224,0:00:20.242,0:00:09.739,0:00:10.503,"44.462 km/h",0:00:00.233
RZ-41573,29-12-2025,19:55:14,91,0:33:50.235,0:00:26.011,0:00:11.919,0:00:14.092,"34.601 km/h",0:00:05.769
